{
  "M1_LR": {
    "macro_f1": 0.5783843258108575,
    "accuracy": 0.5881634646694888,
    "report": {
      "negative": {
        "precision": 0.6293900184842883,
        "recall": 0.5143504531722054,
        "f1-score": 0.5660847880299252,
        "support": 3972.0
      },
      "neutral": {
        "precision": 0.6164131706501755,
        "recall": 0.6211891527707596,
        "f1-score": 0.6187919463087248,
        "support": 5937.0
      },
      "positive": {
        "precision": 0.4890343698854337,
        "recall": 0.6290526315789474,
        "f1-score": 0.5502762430939226,
        "support": 2375.0
      },
      "accuracy": 0.5881634646694888,
      "macro avg": {
        "precision": 0.5782791863399659,
        "recall": 0.5881974125073041,
        "f1-score": 0.5783843258108575,
        "support": 12284.0
      },
      "weighted avg": {
        "precision": 0.5959816652594913,
        "recall": 0.5881634646694887,
        "f1-score": 0.5885023315400381,
        "support": 12284.0
      }
    },
    "timing": null,
    "subset_f1": {
      "emoji_present": 0.5873146204045865,
      "emoji_absent": 0.5732799792591693,
      "negation_present": 0.5254934172761455,
      "negation_absent": 0.5784426715550077,
      "short_tweet": 0.5859762104219377,
      "long_tweet": 0.5748071091557808,
      "noisy": 0.5697050583951984,
      "clean": 0.5795841178843689
    }
  },
  "M1_SVM": {
    "macro_f1": 0.5943305089327079,
    "accuracy": 0.60965483555845,
    "report": {
      "negative": {
        "precision": 0.6618357487922706,
        "recall": 0.4828801611278953,
        "f1-score": 0.5583697234352256,
        "support": 3972.0
      },
      "neutral": {
        "precision": 0.6232082952119549,
        "recall": 0.6883948121947111,
        "f1-score": 0.6541816726690677,
        "support": 5937.0
      },
      "positive": {
        "precision": 0.5247524752475248,
        "recall": 0.6248421052631579,
        "f1-score": 0.5704401306938305,
        "support": 2375.0
      },
      "accuracy": 0.60965483555845,
      "macro avg": {
        "precision": 0.6032655064172501,
        "recall": 0.5987056928619214,
        "f1-score": 0.5943305089327079,
        "support": 12284.0
      },
      "weighted avg": {
        "precision": 0.6166628436656746,
        "recall": 0.60965483555845,
        "f1-score": 0.607010456082613,
        "support": 12284.0
      }
    },
    "timing": null,
    "subset_f1": {
      "emoji_present": 0.6140998627500595,
      "emoji_absent": 0.5887744505356859,
      "negation_present": 0.5280571731553304,
      "negation_absent": 0.5914601484916927,
      "short_tweet": 0.6083555890375186,
      "long_tweet": 0.5895436420678184,
      "noisy": 0.5682494675522881,
      "clean": 0.5989956120903258
    }
  },
  "M1_XGB": {
    "macro_f1": 0.4987335653900911,
    "accuracy": 0.5739172907847606,
    "report": {
      "negative": {
        "precision": 0.7298850574712644,
        "recall": 0.19184290030211482,
        "f1-score": 0.3038277511961722,
        "support": 3972.0
      },
      "neutral": {
        "precision": 0.5516221071541795,
        "recall": 0.8792319353208691,
        "f1-score": 0.6779220779220779,
        "support": 5937.0
      },
      "positive": {
        "precision": 0.6010129431626337,
        "recall": 0.4496842105263158,
        "f1-score": 0.5144508670520231,
        "support": 2375.0
      },
      "accuracy": 0.5739172907847606,
      "macro avg": {
        "precision": 0.6275067025960258,
        "recall": 0.5069196820497667,
        "f1-score": 0.4987335653900911,
        "support": 12284.0
      },
      "weighted avg": {
        "precision": 0.6188122466998927,
        "recall": 0.5739172907847606,
        "f1-score": 0.5253539574750185,
        "support": 12284.0
      }
    },
    "timing": null,
    "subset_f1": {
      "emoji_present": 0.4804343301186429,
      "emoji_absent": 0.4970743972943428,
      "negation_present": 0.4775489960287747,
      "negation_absent": 0.4918606787295509,
      "short_tweet": 0.4976514627227884,
      "long_tweet": 0.49635412764358106,
      "noisy": 0.5041393115621493,
      "clean": 0.4970903614899686
    }
  },
  "M2_RF": {
    "macro_f1": 0.5557944813338583,
    "accuracy": 0.57896450667535,
    "report": {
      "negative": {
        "precision": 0.7112274024738344,
        "recall": 0.37638469284994963,
        "f1-score": 0.4922621007573263,
        "support": 3972.0
      },
      "neutral": {
        "precision": 0.6155024509803921,
        "recall": 0.6767727808657571,
        "f1-score": 0.6446851183313277,
        "support": 5937.0
      },
      "positive": {
        "precision": 0.4376026272577997,
        "recall": 0.6732631578947369,
        "f1-score": 0.5304362249129209,
        "support": 2375.0
      },
      "accuracy": 0.57896450667535,
      "macro avg": {
        "precision": 0.5881108269040088,
        "recall": 0.5754735438701478,
        "f1-score": 0.5557944813338583,
        "support": 12284.0
      },
      "weighted avg": {
        "precision": 0.6120595517611472,
        "recall": 0.57896450667535,
        "f1-score": 0.5733105377653354,
        "support": 12284.0
      }
    },
    "timing": null,
    "subset_f1": {
      "emoji_present": 0.588459250879633,
      "emoji_absent": 0.5474916412989309,
      "negation_present": 0.4682993100788117,
      "negation_absent": 0.5684156381117488,
      "short_tweet": 0.5938367551558237,
      "long_tweet": 0.5483799170061516,
      "noisy": 0.5514208424347068,
      "clean": 0.5557776801534932
    }
  },
  "M2_XGB": {
    "macro_f1": 0.5538916582643134,
    "accuracy": 0.5788016932595246,
    "report": {
      "negative": {
        "precision": 0.7204666990763248,
        "recall": 0.3731117824773414,
        "f1-score": 0.4916238182119754,
        "support": 3972.0
      },
      "neutral": {
        "precision": 0.6139555958314454,
        "recall": 0.6846892369883779,
        "f1-score": 0.6473960821786908,
        "support": 5937.0
      },
      "positive": {
        "precision": 0.4334442595673877,
        "recall": 0.6581052631578947,
        "f1-score": 0.5226550744022739,
        "support": 2375.0
      },
      "accuracy": 0.5788016932595246,
      "macro avg": {
        "precision": 0.5892888514917193,
        "recall": 0.571968760874538,
        "f1-score": 0.5538916582643134,
        "support": 12284.0
      },
      "weighted avg": {
        "precision": 0.6134954589429338,
        "recall": 0.5788016932595246,
        "f1-score": 0.5729099761916521,
        "support": 12284.0
      }
    },
    "timing": null,
    "subset_f1": {
      "emoji_present": 0.5761747417618683,
      "emoji_absent": 0.5460230169510384,
      "negation_present": 0.48087308778274435,
      "negation_absent": 0.562194405361694,
      "short_tweet": 0.5723676253046937,
      "long_tweet": 0.5480731186580944,
      "noisy": 0.5480323192557669,
      "clean": 0.5544506786510527
    }
  },
  "M2_LR": {
    "macro_f1": 0.5366561379094907,
    "accuracy": 0.5614620644741126,
    "report": {
      "negative": {
        "precision": 0.6966007102993405,
        "recall": 0.3456696878147029,
        "f1-score": 0.4620562005721016,
        "support": 3972.0
      },
      "neutral": {
        "precision": 0.6010386436535818,
        "recall": 0.662792656223682,
        "f1-score": 0.6304069208586991,
        "support": 5937.0
      },
      "positive": {
        "precision": 0.42193308550185876,
        "recall": 0.6690526315789473,
        "f1-score": 0.5175052922976714,
        "support": 2375.0
      },
      "accuracy": 0.5614620644741126,
      "macro avg": {
        "precision": 0.5731908131515937,
        "recall": 0.5591716585391108,
        "f1-score": 0.5366561379094907,
        "support": 12284.0
      },
      "weighted avg": {
        "precision": 0.5973099582177801,
        "recall": 0.5614620644741126,
        "f1-score": 0.5541426397767383,
        "support": 12284.0
      }
    },